,Liberty,Glassport,Harrison,NorthBraddock,Lawrenceville
rmse,9.31403122137861,5.986178772575355,0.0019170988371655488,5.423698192597538,4.310826037000933
r,-0.21646760512067972,-0.36495969602271333,0.12034342701595085,-0.2186603465780506,-0.07167939574044567
p,0.3096438370742483,0.0795079585832277,0.5753911760004903,0.30464796344360456,0.7392562769930308
predictions,"[0.00323991 0.0038605  0.00227756 0.00228267 0.0002932  0.00294693
 0.00391046 0.00472217 0.00508358 0.00569271 0.00758327 0.01028009
 0.00785836 0.00704277 0.00570726 0.00547936 0.00453649 0.00274254
 0.00336306 0.00375453 0.00402494 0.00323606 0.00860751 0.00560967]","[0.00754039 0.01316598 0.01167434 0.01191583 0.00108373 0.00404905
 0.00508615 0.00637186 0.0065627  0.00737879 0.00961905 0.01554213
 0.01139455 0.00861549 0.00731924 0.00692651 0.00630345 0.00396108
 0.00505591 0.00558219 0.00579605 0.00562947 0.00961352 0.00803924]","[0.00000e+00 0.00000e+00 0.00000e+00 4.42300e-06 1.04019e-04 8.91130e-05
 0.00000e+00 0.00000e+00 0.00000e+00 0.00000e+00 0.00000e+00 0.00000e+00
 5.52400e-06 0.00000e+00 0.00000e+00 0.00000e+00 0.00000e+00 0.00000e+00
 0.00000e+00 0.00000e+00 0.00000e+00 0.00000e+00 2.77100e-06 0.00000e+00]","[1.24930e-05 0.00000e+00 0.00000e+00 0.00000e+00 0.00000e+00 0.00000e+00
 2.57200e-06 3.28000e-06 1.20520e-05 3.05800e-06 3.77100e-06 7.17500e-06
 0.00000e+00 0.00000e+00 2.74700e-06 5.21900e-06 3.05050e-05 1.58499e-04
 1.86225e-04 9.34000e-06 0.00000e+00 0.00000e+00 3.33100e-06 0.00000e+00]","[0.0000e+00 0.0000e+00 0.0000e+00 0.0000e+00 0.0000e+00 5.1230e-06
 2.9690e-06 6.7000e-06 7.2170e-06 4.5980e-06 3.2490e-05 2.4911e-05
 0.0000e+00 1.1798e-05 3.6530e-05 2.3976e-05 2.6580e-05 3.2342e-05
 4.6536e-05 5.4228e-05 0.0000e+00 6.4850e-06 0.0000e+00 8.0790e-06]"
targets,"[10.  8.  5.  8. 10.  8.  8.  9. 11.  8.  5.  4. 13. 11.  7.  7. 11. 15.
  6. 10. 13.  8.  7. 12.]","[ 4.  3.  4.  3.  4.  6.  6.  5.  5.  4.  3.  4.  6.  5.  7.  7.  4.  7.
  9.  7.  7.  9. 10.  7.]","[0.003 0.002 0.002 0.002 0.002 0.002 0.    0.001 0.001 0.001 0.001 0.001
 0.    0.    0.001 0.001 0.001 0.002 0.001 0.001 0.001 0.002 0.004 0.005]",[4. 5. 5. 5. 5. 5. 3. 4. 4. 4. 5. 5. 6. 6. 5. 7. 4. 5. 4. 6. 9. 8. 7. 5.],[3. 3. 4. 4. 4. 4. 3. 3. 3. 4. 4. 3. 5. 5. 5. 6. 3. 3. 3. 5. 6. 6. 6. 5.]
